{
  "mode": "standard",
  "study_name": "xgb_optuna_resume_standard",
  "best_trial": 29,
  "best_cv_rmse": 282.7873629109882,
  "params": {
    "objective": "reg:squarederror",
    "tree_method": "hist",
    "random_state": 42,
    "n_jobs": -1,
    "n_estimators": 1800,
    "max_depth": 10,
    "learning_rate": 0.01937153185437744,
    "reg_alpha": 0.0023950739345747402,
    "reg_lambda": 0.0011653267347876018,
    "subsample": 0.7004716396441606,
    "colsample_bytree": 0.7288020206987377,
    "min_child_weight": 1.9758118598287242
  }
}